Session,Bank,Array ID,Hemisphere,Region
Bf211114,0,5,R,CIT
Pa210210,0,1,L,CIT
Re220908,0,6,L,AIT
Pa200210,0,1,L,CIT
Ye200408,1,1,R,CIT
Ve220205,1,3,R,AIT
Na210730,0,1,R,V4
Ye200606_1,1,1,R,CIT
Ot210824_1,2,6,R,CIT
Fr220608,1,0,R,CIT
Fr220910,0,0,R,CIT
Fr210322,0,2,L,AIT
Pa210809,1,1,L,CIT
Bf200918,0,0,L,AIT
Re220912,1,6,L,AIT
Ye191107,0,0,R,CIT
Bo201107,1,3,R,AIT
Ye200531,0,0,R,CIT
Ve220606,2,2,R,AIT
Na220112,0,1,R,V4
Fr210313,0,0,R,CIT
Bf220830,1,8,R,AIT
Bf211103,1,5,R,CIT
Lo200316,0,0,R,CIT
Fr220915,1,0,R,CIT
Re201203,1,6,L,AIT
Bo220829,0,3,R,AIT
Na220919,3,2,L,AIT
Sw200403,1,1,L,CIT
Pa210123,0,1,L,CIT
Ve220108,3,2,R,AIT
Pa210308,1,2,L,CIT
Lo220107,0,2,L,CIT
Na220119,1,0,R,V2
Lo200409,1,1,R,CIT
Pa200406,0,2,L,CIT
Bf220903,0,7,R,V4
Ot210824,1,7,R,AIT
Pa191024_2,0,1,L,CIT
Re200311,1,4,R,CIT
Pa200124,0,1,L,CIT
Fr210308,0,0,R,CIT
Ye191104,1,1,R,CIT
Ve211208_2,0,3,R,AIT
Fr201208,0,1,L,CIT
Na220911,3,2,L,AIT
Pa200317,1,2,L,CIT
Na220913,3,2,L,AIT
Ot200423,1,5,L,CIT
Sw200407,1,1,L,CIT
Pa210204,0,1,L,CIT
Pa200405,0,2,L,CIT
Bf210930,2,6,R,AIT
Lo220119,1,2,L,CIT
Ve220117,0,3,R,AIT
Re200923,0,5,R,CIT
Lo220530,2,2,L,CIT
Pa200205_2,1,2,L,CIT
Lo220118,1,2,L,CIT
Bf220913,1,8,R,AIT
Bf211114,3,6,R,AIT
Na220914,0,1,R,V4
Fr220905,1,0,R,CIT
Lo220829,2,2,L,CIT
Bo201223,1,3,R,AIT
Ye200717,0,0,R,CIT
Na220906,0,1,R,V4
Sw200325,0,1,L,CIT
Pa200214,0,1,L,CIT
Na210914,1,0,R,V2
Bf220202,1,8,R,AIT
Bf220617,2,8,R,AIT
Ot200420,0,4,L,PIT
Pa210311,0,1,L,CIT
Bo200726,0,3,R,AIT
Bf220314,1,8,R,AIT
Pa200105_1,0,1,L,CIT
Bf210802,0,5,R,CIT
Fr210401,1,0,R,CIT
Ot200505,0,4,L,PIT
Ve220202,0,3,R,AIT
Fr210309,1,1,L,CIT
Pa210720,1,2,L,CIT
Bf220829,1,8,R,AIT
Lo220107,3,2,L,CIT
Pa200618,1,2,L,CIT
Pa200524,1,2,L,CIT
Ye200620,0,0,R,CIT
Fr210121,1,1,L,CIT
Sw200330,0,1,L,CIT
Bf210826,0,5,R,CIT
Re200308,1,4,R,CIT
Na220917,2,2,L,AIT
Ye200507,0,0,R,CIT
Ve220122,3,2,R,AIT
Re201116,1,6,L,AIT
Bf220729,2,8,R,AIT
Sw200323,0,1,L,CIT
Lo220110,2,2,L,CIT
Sw200505,1,1,L,CIT
Pa210114,1,2,L,CIT
Na220910,1,0,R,V2
Re210117,0,6,L,AIT
Sw200416,1,1,L,CIT
Pa191111,0,1,L,CIT
Ve211208_1,0,3,R,AIT
Bf211113,2,6,R,AIT
Na220908,0,1,R,V4
Re201122,1,6,L,AIT
Pa210616,0,2,L,CIT
Bf220119,1,8,R,AIT
Bf220715,0,7,R,V4
Bo220908,1,3,R,AIT
Bo200413,0,3,R,AIT
Fr201212,1,1,L,CIT
Bo220902,0,3,R,AIT
Fr211122,2,0,R,CIT
Fr211123,1,0,R,CIT
Re210508,0,6,L,AIT
Fr211017,0,3,L,V4
Bf220610,2,8,R,AIT
Pa200313,1,2,L,CIT
Bf200917,1,0,L,AIT
Lo220908,1,2,L,CIT
Sw200507,0,1,L,CIT
Fr220831,0,0,R,CIT
Lo200321,0,0,R,CIT
Fr220904,2,3,L,V4
Pa200402,0,2,L,CIT
Ot200408,1,5,L,CIT
Fr211110,2,0,R,CIT
Ve220608,1,3,R,AIT
Pa200404,0,2,L,CIT
Fr220901,1,0,R,CIT
Bf200906,0,0,L,AIT
Bo200407,0,3,R,AIT
Na220921,3,2,L,AIT
Na220831,0,1,R,V4
Ve220211,3,2,R,AIT
Oc220908,0,6,L,AIT
Lo220901,1,2,L,CIT
Re220915,1,6,L,AIT
Lo220112,3,2,L,CIT
Bo201222,0,3,R,AIT
Na220916,3,2,L,AIT
Pa200409,1,2,L,CIT
Lo220907,1,2,L,CIT
Na220111,0,1,R,V4
Pa210218,0,1,L,CIT
Pa200401,0,2,L,CIT
Ye200618,0,0,R,CIT
Fr210407,2,2,L,AIT
Bf211222,1,8,R,AIT
Lo220106,3,2,L,CIT
Na220830,0,1,R,V4
Ve211208_1,3,2,R,AIT
Bf220801,1,8,R,AIT
Bf200909,1,0,L,AIT
Bf220130,1,8,R,AIT
Bo220917,0,3,R,AIT
Bf220204,1,8,R,AIT
Bf220413,0,7,R,V4
Na220908,3,2,L,AIT
Bo200330,0,3,R,AIT
Ot200410,0,4,L,PIT
Lo220906,3,2,L,CIT
Bf220113,1,8,R,AIT
Na220110,1,0,R,V2
Ve220104,3,2,R,AIT
Pa210203,0,1,L,CIT
Lo200323,0,0,R,CIT
Bf210827,3,6,R,AIT
Lo200402,1,1,R,CIT
Fr220918,2,3,L,V4
Lo220531,3,2,L,CIT
Ve220205,0,3,R,AIT
Bf211101,2,6,R,AIT
Ye200606_1,0,0,R,CIT
Lo200503,1,1,R,CIT
Pa191118_2,1,2,L,CIT
Na210927,0,1,R,V4
Ve220126,1,3,R,AIT
Fr220608,0,3,L,V4
Ve220113,1,3,R,AIT
Bo201128,1,3,R,AIT
Re220912,0,6,L,AIT
Re220829,1,6,L,AIT
Bo220916,1,3,R,AIT
Ye200622,1,1,R,CIT
Pa191028,1,2,L,CIT
Lo200330,1,1,R,CIT
Bf220830,0,7,R,V4
Lo200508,1,1,R,CIT
Fr220915,0,0,R,CIT
Bf220831,0,7,R,V4
Re201203,0,6,L,AIT
Sw200324,0,1,L,CIT
Na220919,2,2,L,AIT
Ot200421,0,4,L,PIT
Fr211027,2,0,R,CIT
Pa210308,0,1,L,CIT
Pa200122,1,2,L,CIT
Na220918,0,1,R,V4
Lo200409,0,0,R,CIT
Bf220902,2,8,R,AIT
Lo200420,0,0,R,CIT
Pa200114_1,1,2,L,CIT
Re200311,0,3,R,CIT
Ye191104,0,0,R,CIT
Bf220126,2,8,R,AIT
Na220911,2,2,L,AIT
Pa200506,1,2,L,CIT
Ye191105,0,0,R,CIT
Pa200317,0,1,L,CIT
Oc220901,3,7,R,AIT
Ve220901,2,2,R,AIT
Ye200409,0,0,R,CIT
Ot200322,1,5,L,CIT
Re210607,0,6,L,AIT
Bf210930,1,5,R,CIT
Pa210219,0,1,L,CIT
Lo200405,1,1,R,CIT
Ve210617,0,0,L,CIT
Re201105,1,6,L,AIT
Bo201212,1,3,R,AIT
Fr201217,0,1,L,CIT
Ve220831,3,2,R,AIT
Lo220530,1,2,L,CIT
Re220918,0,6,L,AIT
Fr220903,0,0,R,CIT
Bf220701,2,8,R,AIT
Bf211029_3,3,6,R,AIT
Pa200205_2,0,1,L,CIT
Ve211222,2,2,R,AIT
Lo200422,1,1,R,CIT
Pa200508,0,1,L,CIT
Fr210331,2,2,L,AIT
Bf220913,0,7,R,V4
Bf211114,2,6,R,AIT
Ot200403,1,5,L,CIT
Lo200318,1,1,R,CIT
Bo220904,1,3,R,AIT
Pa210806,1,1,L,CIT
Lo220111,0,2,L,CIT
Pa210812,1,1,L,CIT
Pa210310,1,2,L,CIT
Bf220202,0,7,R,V4
Lo220602,1,2,L,CIT
Na210914,0,1,R,V4
Sw200503,1,1,L,CIT
Lo220113,3,2,L,CIT
Lo200430,1,1,R,CIT
Bf220617,1,8,R,AIT
Pa200104_1,1,2,L,CIT
Na210824,1,0,R,V2
Ot200405,0,4,L,PIT
Fr210401,0,0,R,CIT
Sw200321,0,1,L,CIT
Bf211103,3,6,R,AIT
Pa210720,0,1,L,CIT
Ye200616,0,0,R,CIT
Fr211101,1,0,R,CIT
Pa210209,0,1,L,CIT
Pa200102_1,1,2,L,CIT
Bf220122,0,7,R,V4
Bf220829,0,7,R,V4
Lo220107,2,2,L,CIT
Pa200524,0,1,L,CIT
Ot210824,3,6,R,CIT
Na220917,1,0,R,V2
Ve220122,2,2,R,AIT
Fr210307,1,0,R,CIT
Re220913,0,6,L,AIT
Pa200311,1,2,L,CIT
Bo210306,0,3,R,AIT
Oc220802,0,6,L,AIT
Re220906,0,6,L,AIT
Lo220110,1,2,L,CIT
Sw200505,0,1,L,CIT
Lo220119,3,2,L,CIT
Ve220117,2,2,R,AIT
Bf220411,0,7,R,V4
Ye200710,0,0,R,CIT
Lo220118,3,2,L,CIT
Oc210817_2,1,6,L,AIT
Bo220919,1,3,R,AIT
Re201122,0,6,L,AIT
Ve220907,3,2,R,AIT
Na220914,2,2,L,AIT
Ot200413,1,5,L,CIT
Na220906,2,2,L,AIT
Lo211223,1,2,L,CIT
Ve220829,1,2,R,AIT
Bf220610,1,8,R,AIT
Ot200319,1,5,L,CIT
Pa200507,0,1,L,CIT
Na220920,1,0,R,V2
Bo201108,1,3,R,AIT
Pa210311,2,0,R,V1
Fr220119,0,3,L,V4
Sw200413,1,1,L,CIT
Bf210802,2,6,R,AIT
Pa191118_1,1,2,L,CIT
Fr210401,3,2,L,AIT
Lo200404,1,1,R,CIT
Ve220202,2,2,R,AIT
Fr220911,1,0,R,CIT
Pa200306,1,2,L,CIT
Sw200318,0,1,L,CIT
Fr211110,1,0,R,CIT
Ve220608,0,3,R,AIT
Pa210309,2,0,R,V1
Bf210826,2,6,R,AIT
Pa210208,0,1,L,CIT
Ve220211,2,2,R,AIT
Oc200912,1,6,L,AIT
Bf220909,1,8,R,AIT
Bf220828,0,7,R,V4
Sw200331,0,1,L,CIT
Na220916,2,2,L,AIT
Lo220907,0,2,L,CIT
Sw200418,0,1,L,CIT
Na220901,0,1,R,V4
Lo200427,1,1,R,CIT
Bf211102,0,5,R,CIT
Bf211222,0,7,R,V4
Ye200506,1,1,R,CIT
Re220907,0,6,L,AIT
Bf220827,0,7,R,V4
Na220910,3,2,L,AIT
Ye200508,0,0,R,CIT
Bf220801,0,7,R,V4
Bf220130,0,7,R,V4
Ve211208_1,2,2,R,AIT
Bo210613,1,3,R,AIT
Pa200120,0,1,L,CIT
Bf220204,0,7,R,V4
An220105,0,1,L,V1
Oc210819,0,6,L,AIT
Na220908,2,2,L,AIT
Fr210404,0,0,R,CIT
Fr220920,1,0,R,CIT
Bf220715,2,8,R,AIT
Ot200502,0,4,L,PIT
Sw200422,0,1,L,CIT
Bo220831,1,3,R,AIT
Bf210827,2,6,R,AIT
Oc210826,0,6,L,AIT
Ye200414,1,1,R,CIT
Na220902,0,1,R,V4
Fr220913,0,0,R,CIT
Lo200507,0,0,R,CIT
Lo220908,3,2,L,CIT
Pa210306,2,0,R,V1
Fr220831,2,3,L,V4
Bf211101,1,5,R,CIT
Lo200503,0,0,R,CIT
Fr220906,0,0,R,CIT
Ve220126,0,3,R,AIT
Ve220608,3,2,R,AIT
Ve220113,0,3,R,AIT
Bo201128,0,3,R,AIT
Lo200502,1,1,R,CIT
Lo200330,0,0,R,CIT
Na220831,2,2,L,AIT
Oc220908,2,7,R,AIT
Bf220407,0,7,R,V4
Lo200508,0,0,R,CIT
Bf211029,0,5,R,CIT
Lo220901,3,2,L,CIT
Pa210125,0,1,L,CIT
Bo220912,0,3,R,AIT
Ot200321,1,5,L,CIT
Pa210616_2,0,2,L,CIT
Fr211027,1,0,R,CIT
Fr201205,0,1,L,CIT
Lo220907,3,2,L,CIT
Pa200122,0,1,L,CIT
Pa200523,1,2,L,CIT
Re210512,0,6,L,AIT
Pa200228,0,1,L,CIT
Pa220531,0,2,L,CIT
Bo200503,1,3,R,AIT
Ot200320,0,4,L,PIT
Na220829,1,0,R,V2
Bf220126,1,8,R,AIT
Pa200506,0,1,L,CIT
Bo220906,1,3,R,AIT
Na220830,2,2,L,AIT
Pa210206,0,1,L,CIT
Oc220831,1,6,L,AIT
Bo220905,1,3,R,AIT
Bo210118,0,3,R,AIT
Bf220413,2,8,R,AIT
Ve220901,1,3,R,AIT
Ot200322,0,4,L,PIT
Lo220104,1,2,L,CIT
Fr211029,1,0,R,CIT
Sw200419,1,1,L,CIT
Fr210331,1,0,R,CIT
Pa200617,0,1,L,CIT
Pa210210,1,2,L,CIT
Bo220904,0,3,R,AIT
Na220909,0,1,R,V4
Pa210806,0,2,L,CIT
Pa200210,1,2,L,CIT
Ve220205,2,2,R,AIT
Pa210812,0,2,L,CIT
Pa210310,0,1,L,CIT
Ot210824_1,3,6,R,CIT
Sw200503,0,1,L,CIT
Lo220602,0,2,L,CIT
Ve220126,3,2,R,AIT
Fr220608,2,0,R,CIT
Re220902,0,6,L,AIT
Fr201218,1,1,L,CIT
Fr220910,1,0,R,CIT
Pa200104_1,0,1,L,CIT
Fr210322,1,2,L,AIT
Bo201127,1,3,R,AIT
Ye191107,1,1,R,CIT
Pa200430,1,2,L,CIT
Sw200319,1,1,L,CIT
Bf220830,2,8,R,AIT
Na220904,0,1,R,V4
Bo200701,1,3,R,AIT
Bf211103,2,6,R,AIT
Lo200316,1,1,R,CIT
Fr220915,2,3,L,V4
Bf220831,2,8,R,AIT
Bo220829,1,3,R,AIT
Fr211101,0,3,L,V4
Pa210123,1,2,L,CIT
Pa200102_1,0,1,L,CIT
Ot210823,0,7,R,AIT
Pa210308,2,0,R,V1
Na220530,0,3,L,AIT
Pa200406,1,1,L,CIT
Bf220903,1,8,R,AIT
An220111,0,1,L,V1
Pa200124,1,2,L,CIT
Fr210308,1,0,R,CIT
Ve211208_2,1,3,R,AIT
Fr201208,1,1,L,CIT
Sw200320,1,1,L,CIT
Pa200311,0,1,L,CIT
Pa200501,0,1,L,CIT
Sw200328,0,1,L,CIT
Bf211001,0,5,R,CIT
Pa210204,1,2,L,CIT
Pa200121,1,2,L,CIT
Bf210930,3,6,R,AIT
Ve210617,2,1,L,CIT
Bo201024,0,3,R,AIT
Pa191025,1,2,L,CIT
Ve220117,1,3,R,AIT
Bo220601,0,3,R,AIT
Lo220530,3,2,L,CIT
Ot200427,1,5,L,CIT
Ye200410,0,0,R,CIT
Pa200212_1,1,2,L,CIT
Sw200402,0,1,L,CIT
Bo220910,0,3,R,AIT
Bf220913,2,8,R,AIT
Na220914,1,0,R,V2
Fr220905,2,3,L,V4
Bo220903,1,3,R,AIT
Bf220317,1,8,R,AIT
Na220906,1,0,R,V2
Sw200325,1,1,L,CIT
Lo211223,0,2,L,CIT
Bf220202,2,8,R,AIT
Lo220602,3,2,L,CIT
Bo220914,1,3,R,AIT
Na220920,0,1,R,V4
Bo201108,0,3,R,AIT
Bf220404,0,7,R,V4
Pa210311,1,2,L,CIT
Bo200726,1,3,R,AIT
Ot200323,0,4,L,PIT
Ve220908,1,3,R,AIT
Bf210802,1,5,R,CIT
Oc220906,1,6,L,AIT
Fr210401,2,2,L,AIT
Ot200505,1,5,L,CIT
Fr220911,0,0,R,CIT
Pa200306,0,1,L,CIT
Ve220206,1,3,R,AIT
Fr211115,0,3,L,V4
Bf220122,2,8,R,AIT
Bf220829,2,8,R,AIT
Bf220104,1,8,R,AIT
Pa210118,0,1,L,CIT
Lo200424,1,1,R,CIT
Sw200330,1,1,L,CIT
Bf210826,1,5,R,CIT
Bf220909,0,7,R,V4
Pa210808,1,2,L,CIT
Na220917,3,2,L,AIT
Ye200507,1,1,R,CIT
Pa210314,0,1,L,CIT
Lo200328,1,1,R,CIT
Lo220110,3,2,L,CIT
Lo200401,1,1,R,CIT
Bf211230,0,7,R,V4
Lo200504,0,0,R,CIT
Ve210104,0,0,L,CIT
Re210117,1,6,L,AIT
Bf220411,2,8,R,AIT
Bo210613,0,3,R,AIT
Na210823,0,1,R,V4
Ve220609,1,3,R,AIT
Pa210616,1,1,L,CIT
Pa200128_1,0,1,L,CIT
Bf220119,2,8,R,AIT
Fr220902,1,0,R,CIT
Fr220920,0,0,R,CIT
Bf220715,1,8,R,AIT
Lo211223,3,2,L,CIT
Re210508,1,6,L,AIT
Ve220829,3,3,R,AIT
Na220920,3,2,L,AIT
Fr201128,1,1,L,CIT
Lo220908,2,2,L,CIT
Sw200507,1,1,L,CIT
Bf220908,0,7,R,V4
Fr220831,1,0,R,CIT
Lo200321,1,1,R,CIT
Fr220119,2,0,R,CIT
Pa200402,1,1,L,CIT
Bo200719,0,3,R,AIT
Ve220608,2,2,R,AIT
Pa200404,1,1,L,CIT
Fr220901,2,3,L,V4
Lo200502,0,0,R,CIT
Bo200407,1,3,R,AIT
Na220831,1,0,R,V2
Ot200412,0,4,L,PIT
Ot200321,0,4,L,PIT
Lo220907,2,2,L,CIT
Na220901,2,2,L,AIT
Lo200326,0,0,R,CIT
Ye200716,0,0,R,CIT
Bo200503,0,3,R,AIT
Pa210218,1,2,L,CIT
Bf220108,1,8,R,AIT
Ye200618,1,1,R,CIT
Bf211222,2,8,R,AIT
Na220829,0,1,R,V4
Ve210414,0,0,L,CIT
Bf220827,2,8,R,AIT
Bf220801,2,8,R,AIT
Sw200430,0,1,L,CIT
Bf220130,2,8,R,AIT
Oc220831,0,6,L,AIT
Ye200416,1,1,R,CIT
Bo220917,1,3,R,AIT
Bf220204,2,8,R,AIT
Bf220413,1,8,R,AIT
Ot200316,0,4,L,PIT
Bo200330,1,3,R,AIT
Fr211025,1,0,R,CIT
Fr210404,2,2,L,AIT
Lo220104,0,2,L,CIT
Pa200213,0,1,L,CIT
Pa191029,1,2,L,CIT
Pa210205,1,2,L,CIT
Na210924,0,1,R,V4
Pa210203,1,2,L,CIT
Bf220203,1,8,R,AIT
Lo200322,1,1,R,CIT
Na220902,2,2,L,AIT
Fr220913,2,3,L,V4
Pa210127,0,1,L,CIT
Bf211101,3,6,R,AIT
Ve220123,0,3,R,AIT
Fr220906,2,3,L,V4
Na210927,1,0,R,V2
Lo220831,0,2,L,CIT
Ve220126,2,2,R,AIT
Fr201218,0,1,L,CIT
Re210731,0,6,L,AIT
Ve220113,2,2,R,AIT
Pa200517,0,1,L,CIT
Bo201127,0,3,R,AIT
Ot200327,1,5,L,CIT
Pa200430,0,1,L,CIT
Sw200319,0,1,L,CIT
Pa220601,0,2,L,CIT
Bf220407,2,8,R,AIT
Bo200701,0,3,R,AIT
Bf211029,2,6,R,AIT
Oc220803,0,6,L,AIT
Bf220831,1,8,R,AIT
Pa210313,1,2,L,CIT
Sw200324,1,1,L,CIT
Ot200421,1,5,L,CIT
Na220918,1,0,R,V2
Lo211122,0,2,L,CIT
Lo200420,1,1,R,CIT
Fr201216,0,1,L,CIT
Pa210201,0,1,L,CIT
Fr210311,0,0,R,CIT
Sw200320,0,1,L,CIT
Ye191105,1,1,R,CIT
Sw200502,0,1,L,CIT
Pa200121,0,1,L,CIT
Ve220901,3,2,R,AIT
Ye200409,1,1,R,CIT
Fr201214,1,1,L,CIT
Re210607,1,6,L,AIT
Pa210219,1,2,L,CIT
Ve210617,1,0,L,CIT
Bf220201,1,8,R,AIT
Pa191025,0,1,L,CIT
Lo220104,3,2,L,CIT
Fr201217,1,1,L,CIT
Re220918,1,6,L,AIT
Bo220531,1,3,R,AIT
Fr220903,1,0,R,CIT
Ot200427,0,4,L,PIT
Pa200212_1,0,1,L,CIT
Ve211222,3,2,R,AIT
Pa200508,1,2,L,CIT
Fr210331,3,2,L,AIT
Lo200426,0,0,R,CIT
Pa191030,0,1,L,CIT
Re220917,1,6,L,AIT
Na220909,2,2,L,AIT
Bo220903,0,3,R,AIT
Lo220111,1,2,L,CIT
Bf220317,0,7,R,V4
Pa210310,2,0,R,V1
Bo220914,0,3,R,AIT
Lo220602,2,2,L,CIT
Ot200501,0,4,L,PIT
Sw200506,1,1,L,CIT
An220107,0,1,L,V1
Ot200407,0,4,L,PIT
Ot200405,1,5,L,CIT
Ve220908,0,3,R,AIT
Na220904,2,2,L,AIT
Oc220906,0,6,L,AIT
Sw200321,1,1,L,CIT
Lo200329,1,1,R,CIT
Fr211101,2,0,R,CIT
Ye200616,1,1,R,CIT
Pa210209,1,2,L,CIT
Ve220206,0,3,R,AIT
Bf220122,1,8,R,AIT
Na220530,2,2,L,AIT
Bf220104,0,7,R,V4
Fr201204,0,1,L,CIT
Lo200424,0,0,R,CIT
Ot200503,1,5,L,CIT
Pa210808,0,1,L,CIT
Fr220909,1,0,R,CIT
Lo200331,1,1,R,CIT
An220119,0,1,L,V1
Pa210717,0,1,L,CIT
Ve211208_2,3,2,R,AIT
Bo220909,1,3,R,AIT
Re220913,1,6,L,AIT
Lo200328,0,0,R,CIT
Bf211001,2,6,R,AIT
Bo210306,1,3,R,AIT
Oc220802,1,6,L,AIT
Re220906,1,6,L,AIT
Fr220919,0,0,R,CIT
Lo200401,0,0,R,CIT
Re210730,0,6,L,AIT
Ve220117,3,2,R,AIT
Lo220905,1,2,L,CIT
Bf220411,1,8,R,AIT
Ve220609,0,3,R,AIT
Ot200504,0,4,L,PIT
Na220914,3,2,L,AIT
Na210823_1,0,1,R,V4
Sw200417,0,1,L,CIT
Na220113,0,1,R,V4
Fr220902,0,0,R,CIT
Pa200209,0,1,L,CIT
Bo210614,1,3,R,AIT
Ot200406,0,4,L,PIT
Bo201025,0,3,R,AIT
Na220906,3,2,L,AIT
Lo211223,2,2,L,CIT
Re220919,0,6,L,AIT
Bf220131,1,8,R,AIT
Ve220829,2,3,R,AIT
Pa200507,1,2,L,CIT
Lo220830,0,2,L,CIT
Na220920,2,2,L,AIT
Fr201128,0,1,L,CIT
Ot200404,1,5,L,CIT
Bf220404,2,8,R,AIT
Fr220119,1,0,R,CIT
Ve220908,3,2,R,AIT
Oc220812,1,6,L,AIT
Bf210802,3,6,R,AIT
Oc220906,3,7,R,AIT
Fr220606,1,0,R,CIT
Ve220202,3,2,R,AIT
Fr220911,2,3,L,V4
Sw200318,1,1,L,CIT
Bf220612,1,8,R,AIT
Pa210208,1,2,L,CIT
Bf210826,3,6,R,AIT
Ot200422,1,5,L,CIT
Bf220909,2,8,R,AIT
Pa200504,1,2,L,CIT
Bf220828,1,8,R,AIT
Sw200331,1,1,L,CIT
Sw200418,1,1,L,CIT
Bo201017,1,3,R,AIT
Lo220105,0,2,L,CIT
Pa210314,2,0,R,V1
Na220901,1,0,R,V2
Na220905,1,0,R,V2
Fr220609,1,0,R,CIT
Bf211102,1,5,R,CIT
Bf220108,0,7,R,V4
Bf211230,2,8,R,AIT
Re220907,1,6,L,AIT
Sw200420,0,1,L,CIT
Bo200620,0,3,R,AIT
Fr211119,0,3,L,V4
Bf220827,1,8,R,AIT
Pa200505,0,1,L,CIT
Ye200508,1,1,R,CIT
Lo211123,1,2,L,CIT
Ye200416,0,0,R,CIT
Ve220609,3,2,R,AIT
Bo200628,0,3,R,AIT
Pa200120,1,2,L,CIT
Oc210819,1,6,L,AIT
Fr211025,0,3,L,V4
Na220118,1,0,R,V2
Lo200425,0,0,R,CIT
Fr210404,1,0,R,CIT
Re201117,0,6,L,AIT
Fr220920,2,3,L,V4
Ye191029,0,0,R,CIT
Pa191029,0,1,L,CIT
Pa210205,0,1,L,CIT
Ot200502,1,5,L,CIT
Sw200422,1,1,L,CIT
Bf220203,0,7,R,V4
Bf220804,0,7,R,V4
Pa210124,0,1,L,CIT
Ve220212,1,3,R,AIT
Lo200322,0,0,R,CIT
Bo200912,1,3,R,AIT
Oc210826,1,6,L,AIT
Na220902,1,0,R,V2
Fr220913,1,0,R,CIT
Lo200507,1,1,R,CIT
Sw200412,0,1,L,CIT
Ye200412,0,0,R,CIT
Fr220906,1,0,R,CIT
Re210511,0,6,L,AIT
Ve220905,1,3,R,AIT
Ot200327,0,4,L,PIT
Bo200504,1,3,R,AIT
Ot200326,0,4,L,PIT
Na220831,3,2,L,AIT
Oc220908,3,7,R,AIT
Bf220407,1,8,R,AIT
Bf211029,1,5,R,CIT
Pa210313,0,1,L,CIT
Na220915,1,0,R,V2
Pa210125,1,2,L,CIT
Bo220912,1,3,R,AIT
Pa210616_2,1,1,L,CIT
Fr201205,1,1,L,CIT
Bo220602,0,3,R,AIT
Bo201018,1,3,R,AIT
Fr220120,0,3,L,V4
Re220916,0,6,L,AIT
Fr211018,0,3,L,V4
Re210512,1,6,L,AIT
Pa200228,1,2,L,CIT
Pa220531,1,1,L,CIT
Pa210129,0,1,L,CIT
Ot200328,1,5,L,CIT
Ot200320,1,5,L,CIT
Na220829,2,2,L,AIT
Na220830,3,2,L,AIT
Pa210206,1,2,L,CIT
Oc220831,2,7,R,AIT
Sw200327,1,1,L,CIT
Bo210118,1,3,R,AIT
Na220114,0,1,R,V4
Ve220112,0,3,R,AIT
Fr201214,0,1,L,CIT
Sw200316,0,1,L,CIT
Bf220201,0,7,R,V4
Re201204,1,6,L,AIT
Lo200317,1,1,R,CIT
Lo220104,2,2,L,CIT
Bo220531,0,3,R,AIT
Fr211029,2,0,R,CIT
Fr210327,1,0,R,CIT
Ye191031,0,0,R,CIT
Pa200617,1,2,L,CIT
Bf200911,1,0,L,AIT
Re220917,0,6,L,AIT
Na220909,1,0,R,V2
Ot200430,0,4,L,PIT
Ve220205,3,2,R,AIT
Ye191030,1,1,R,CIT
Lo220831,2,2,L,CIT
Bo200406,1,3,R,AIT
Bo210307,1,3,R,AIT
Re220902,1,6,L,AIT
Ve220203,0,3,R,AIT
Sw200506,0,1,L,CIT
Fr220910,2,3,L,V4
Bo220921,1,3,R,AIT
Pa210811,0,2,L,CIT
Sw200317,0,1,L,CIT
Na220904,1,0,R,V2
Fr220914,1,0,R,CIT
Lo200329,0,0,R,CIT
Na220105,1,0,R,V2
Ot200418,0,4,L,PIT
Ot210823,1,7,R,AIT
Ye200723,0,0,R,CIT
Na220530,1,3,L,AIT
Na220918,3,2,L,AIT
Ot200503,0,4,L,PIT
Bf220903,2,8,R,AIT
Lo200324,0,0,R,CIT
Lo200319,0,0,R,CIT
Sw200409,0,1,L,CIT
Fr220909,0,0,R,CIT
Ot200331,1,5,L,CIT
Lo200331,0,0,R,CIT
Pa200224,1,2,L,CIT
Ve211208_2,2,2,R,AIT
Bo220909,0,3,R,AIT
Pa200501,1,2,L,CIT
Sw200328,1,1,L,CIT
Bf211001,1,5,R,CIT
Fr210310,1,0,R,CIT
Ve210617,3,1,L,CIT
Bo201024,1,3,R,AIT
Re220920,1,6,L,AIT
Bf220412,1,8,R,AIT
Re201231,0,6,L,AIT
Bo220601,1,3,R,AIT
Pa191119,0,1,L,CIT
Pa210120,1,2,L,CIT
Lo220905,0,2,L,CIT
Ye200410,1,1,R,CIT
Lo200406,1,1,R,CIT
Ot200318,0,4,L,PIT
Fr220912,0,0,R,CIT
Sw200402,1,1,L,CIT
Bo220910,1,3,R,AIT
Lo211124,0,2,L,CIT
Lo220103,1,2,L,CIT
Fr211109,0,3,L,V4
Sw200504,1,1,L,CIT
Fr220921,0,0,R,CIT
Lo220111,3,2,L,CIT
Bf220317,2,8,R,AIT
Bo210614,0,3,R,AIT
Na220907,0,1,R,V4
Na220526,0,3,L,AIT
Bf220131,0,7,R,V4
Ot200404,0,4,L,PIT
Pa200403,1,1,L,CIT
Bf220404,1,8,R,AIT
Ve210413,0,0,L,CIT
Re201205,1,6,L,AIT
Ot200323,1,5,L,CIT
Ve220908,2,2,R,AIT
Oc220812,0,6,L,AIT
Fr220606,0,3,L,V4
Oc220906,2,7,R,AIT
Re210729,1,6,L,AIT
Ve220206,2,2,R,AIT
Fr211115,1,0,R,CIT
Ot200507,0,4,L,PIT
Bf220612,0,7,R,V4
Pa210121,1,2,L,CIT
Bf220104,2,8,R,AIT
Pa210118,1,2,L,CIT
Lo200327,0,0,R,CIT
Ot200422,0,4,L,PIT
Pa200504,0,1,L,CIT
Fr211112,1,0,R,CIT
Na220106,0,1,R,V4
Bo220907,0,3,R,AIT
Bo201017,0,3,R,AIT
Pa210314,1,2,L,CIT
Na220905,0,1,R,V4
Fr220609,0,3,L,V4
Na220529,0,3,L,AIT
Re220831,0,6,L,AIT
Bf211230,1,8,R,AIT
Lo200505,0,0,R,CIT
Lo200504,1,1,R,CIT
Lo200320,0,0,R,CIT
Ve210104,1,1,L,CIT
Oc220905,0,6,L,AIT
Lo211123,0,2,L,CIT
Na210823,1,0,R,V2
Ve220609,2,2,R,AIT
Na220118,0,1,R,V4
Pa200128_1,1,2,L,CIT
Fr220902,2,3,L,V4
Ve211208,0,3,R,AIT
Re220901,0,6,L,AIT
Re200908,1,5,R,CIT
Fr201129,1,1,L,CIT
Ve220212,0,3,R,AIT
Bo200912,0,3,R,AIT
Bf220908,1,8,R,AIT
Oc210823,0,6,L,AIT
Oc220907,0,6,L,AIT
Pa200515,0,1,L,CIT
Bo200719,1,3,R,AIT
Ve220905,0,3,R,AIT
Re210722,1,6,L,AIT
Bo200504,0,3,R,AIT
Ye200806,0,0,R,CIT
Ot200412,1,5,L,CIT
Na220915,0,1,R,V4
Bo201018,0,3,R,AIT
Lo220105,2,2,L,CIT
Na220901,3,2,L,AIT
Na220905,3,2,L,AIT
Lo200326,1,1,R,CIT
Ot200419,0,4,L,PIT
Bf211102,3,6,R,AIT
Bf220108,2,8,R,AIT
Ot200328,0,4,L,PIT
Oc210817_1,1,6,L,AIT
Fr211119,2,0,R,CIT
Ve210414,1,0,L,CIT
Pa200115,0,1,L,CIT
Ot200426,0,4,L,PIT
Sw200430,1,1,L,CIT
Fr201215,0,1,L,CIT
Sw200327,0,1,L,CIT
Ot200316,1,5,L,CIT
Ot200506,0,5,L,CIT
Bf220628,0,7,R,V4
Fr211025,2,0,R,CIT
Fr210404,3,2,L,AIT
Pa210119,1,2,L,CIT
Re201204,0,6,L,AIT
Lo200317,0,0,R,CIT
Pa200213,1,2,L,CIT
Na210924,1,0,R,V2
Sw200329,0,1,L,CIT
Ye200503,0,0,R,CIT
Re201108,1,6,L,AIT
Fr210327,0,0,R,CIT
Bf220203,2,8,R,AIT
Pa210807,1,1,L,CIT
Sw200421,0,1,L,CIT
Ve220212,3,2,R,AIT
Bf200911,0,0,L,AIT
Ve220204,1,3,R,AIT
Lo200501,0,0,R,CIT
Sw200401,1,1,L,CIT
Na220902,3,2,L,AIT
Pa210127,1,2,L,CIT
Ye191030,0,0,R,CIT
Ve220123,1,3,R,AIT
Lo220831,1,2,L,CIT
Bo200406,0,3,R,AIT
Bo210307,0,3,R,AIT
Oc220811,0,6,L,AIT
Re210731,1,6,L,AIT
Ve220113,3,2,R,AIT
Pa200517,1,2,L,CIT
Bo220921,0,3,R,AIT
Ve220116,0,3,R,AIT
Bf220805,1,8,R,AIT
Fr220914,0,0,R,CIT
Pa220601,1,1,L,CIT
Bf211029,3,6,R,AIT
Oc220803,1,6,L,AIT
Na220105,0,1,R,V4
Pa210313,2,0,R,V1
Na220918,2,2,L,AIT
Fr220120,2,0,R,CIT
Ye191102,0,0,R,CIT
Lo211122,1,2,L,CIT
Fr211026,0,3,L,V4
Re220904,1,6,L,AIT
Fr220917,0,0,R,CIT
Ot200331,0,4,L,PIT
Fr201216,1,1,L,CIT
Pa200224,0,1,L,CIT
Pa210201,1,2,L,CIT
Fr210311,1,0,R,CIT
Sw200502,1,1,L,CIT
Re220905,0,6,L,AIT
Fr210310,0,0,R,CIT
Ot200411,1,5,L,CIT
Ve220112,2,2,R,AIT
Bo200725,1,3,R,AIT
Bf220201,2,8,R,AIT
Re220920,0,6,L,AIT
Bf220412,0,7,R,V4
Fr210320,0,2,L,AIT
Lo200408,1,1,R,CIT
Pa210120,0,1,L,CIT
Fr220903,2,3,L,V4
Lo200406,0,0,R,CIT
Lo220103,0,2,L,CIT
Sw200504,0,1,L,CIT
Ve210412,0,0,L,CIT
Lo200426,1,1,R,CIT
Pa191030,1,2,L,CIT
Sw200405,0,1,L,CIT
Na220909,3,2,L,AIT
Sw200322,1,1,L,CIT
Lo220111,2,2,L,CIT
Lo211222,1,2,L,CIT
Bf200908,1,0,L,AIT
Ot200501,1,5,L,CIT
Sw200414,0,1,L,CIT
Pa200403,0,2,L,CIT
Re201121,1,6,L,AIT
Ot200407,1,5,L,CIT
Pa191104,0,1,L,CIT
Re201205,0,6,L,AIT
Na220904,3,2,L,AIT
Ot200429,0,4,L,PIT
Sw200501,1,1,L,CIT
Bf211113,0,5,R,CIT
Re210729,0,6,L,AIT
Ot210823,3,6,R,CIT
Bo220918,0,3,R,AIT
Na220530,3,2,L,AIT
Pa210121,0,1,L,CIT
Pa210307,0,1,L,CIT
Fr201204,1,1,L,CIT
Ve220119,1,3,R,AIT
An220112,0,1,L,V1
Fr220909,2,3,L,V4
Fr211112,0,3,L,V4
Pa210717,1,2,L,CIT
Bf211001,3,6,R,AIT
Fr220919,1,0,R,CIT
Re210730,1,6,L,AIT
Fr220908,1,0,R,CIT
Lo220905,2,2,L,CIT
Na220912,1,0,R,V2
Bo220830,1,3,R,AIT
Fr220912,2,3,L,V4
Na220921,1,0,R,V2
Ot200428,1,5,L,CIT
Ot200504,1,5,L,CIT
Bo220915,0,3,R,AIT
Ve211223,0,3,R,AIT
Pa210122,0,1,L,CIT
Na210823_1,1,0,R,V2
Pa191031,0,1,L,CIT
Fr220921,2,3,L,V4
Sw200508,0,1,L,CIT
Na220113,1,0,R,V2
Sw200417,1,1,L,CIT
Pa200209,1,2,L,CIT
Ot200406,1,5,L,CIT
Bo201025,1,3,R,AIT
Na220907,2,2,L,AIT
Re220919,1,6,L,AIT
Bf220131,2,8,R,AIT
Lo200428,0,0,R,CIT
Re200908,0,5,R,CIT
Pa210726,1,2,L,CIT
Lo200421,0,0,R,CIT
Pa200503,1,2,L,CIT
Lo220830,1,2,L,CIT
Fr201129,0,1,L,CIT
Ye191106,0,0,R,CIT
Re201107,1,6,L,AIT
Ve210413,2,1,L,CIT
Re200713,0,3,R,CIT
Lo200407,0,0,R,CIT
Sw200404,1,1,L,CIT
Fr220606,2,0,R,CIT
Ve220209,1,3,R,AIT
Bf220612,2,8,R,AIT
Re210722,0,6,L,AIT
Lo220906,1,2,L,CIT
Re220830,1,6,L,AIT
Bf210929,1,5,R,CIT
Bf220828,2,8,R,AIT
Lo200417,1,1,R,CIT
Lo220105,1,2,L,CIT
Na210729,1,0,R,V2
Fr211108,1,0,R,CIT
Na220905,2,2,L,AIT
Bo200525,1,3,R,AIT
Fr220609,2,0,R,CIT
Na220529,2,2,L,AIT
Bf211021,1,5,R,CIT
Bf211102,2,6,R,AIT
Lo220531,1,2,L,CIT
Oc210817_1,0,6,L,AIT
Sw200420,1,1,L,CIT
Sw200326,0,1,L,CIT
Bo200620,1,3,R,AIT
Fr211119,1,0,R,CIT
Pa200505,1,2,L,CIT
Oc220905,2,7,R,AIT
Fr220907,0,0,R,CIT
Lo211123,2,2,L,CIT
Bo200628,1,3,R,AIT
Lo200425,1,1,R,CIT
Ot200414,0,4,L,PIT
Pa210119,0,1,L,CIT
Ve220108,0,3,R,AIT
Re201117,1,6,L,AIT
Bf220310,1,8,R,AIT
Ve211208,2,2,R,AIT
Ye191029,1,1,R,CIT
Re201108,0,6,L,AIT
Bf220804,1,8,R,AIT
Pa210807,0,2,L,CIT
Ot200329,1,5,L,CIT
Pa210124,1,2,L,CIT
Ve220212,2,2,R,AIT
Ve220204,0,3,R,AIT
Ve220201,1,3,R,AIT
Sw200401,0,1,L,CIT
Ye200731,1,1,R,CIT
Pa210217,1,2,L,CIT
Oc220907,2,7,R,AIT
Sw200412,1,1,L,CIT
Ye200412,1,1,R,CIT
Na220913,0,1,R,V4
Pa200408,0,2,L,CIT
Re210511,1,6,L,AIT
Fr201210,0,1,L,CIT
An220118,0,1,L,V1
Ve220905,2,2,R,AIT
Bf220805,0,7,R,V4
Pa210312,1,2,L,CIT
Ve220831,1,3,R,AIT
Sw200410,0,1,L,CIT
Ot200326,1,5,L,CIT
Na220915,2,2,L,AIT
Bo220602,1,3,R,AIT
Pa220602,0,2,L,CIT
Fr220120,1,0,R,CIT
Re220916,1,6,L,AIT
Sw200429,1,1,L,CIT
Re220904,0,6,L,AIT
Pa210129,1,2,L,CIT
Lo220113,1,2,L,CIT
Na220829,3,2,L,AIT
Ve210414,3,1,L,CIT
Bo200331,0,3,R,AIT
Lo200418,0,0,R,CIT
Ye200115_1,0,0,R,CIT
Fr211028,1,0,R,CIT
Oc220831,3,7,R,AIT
Fr220607,1,0,R,CIT
Na220114,1,0,R,V2
Ot200411,0,4,L,PIT
Ve220112,1,3,R,AIT
Ve220830,1,3,R,AIT
Bo220901,0,3,R,AIT
Bf220628,2,8,R,AIT
Sw200316,1,1,L,CIT
Bo200725,0,3,R,AIT
Pa200205_1,0,1,L,CIT
Lo200408,0,0,R,CIT
Re220903,0,6,L,AIT
Fr210327,2,2,L,AIT
Ye191031,1,1,R,CIT
Ve220122,0,3,R,AIT
Ve220204,3,2,R,AIT
Sw200322,0,1,L,CIT
Re220914,0,6,L,AIT
Ye200724,0,0,R,CIT
Ot200430,1,5,L,CIT
Ve220123,3,2,R,AIT
Lo211222,0,2,L,CIT
Lo220831,3,2,L,CIT
Bf200908,0,0,L,AIT
Ve220203,1,3,R,AIT
Ve220906,1,3,R,AIT
Ve220116,2,2,R,AIT
Bo200603,1,3,R,AIT
Lo200429,0,0,R,CIT
Re201121,0,6,L,AIT
Bo201115,1,3,R,AIT
Pa210811,1,1,L,CIT
Sw200317,1,1,L,CIT
Pa191024_1,1,2,L,CIT
Pa191102,1,2,L,CIT
Fr220914,2,3,L,V4
Sw200501,0,1,L,CIT
Pa200127,0,1,L,CIT
Ot200418,1,5,L,CIT
Ot210823,2,6,R,CIT
Ve220907,1,3,R,AIT
Ye200720,0,0,R,CIT
Lo200325,0,0,R,CIT
Lo211122,3,2,L,CIT
Pa200511,0,1,L,CIT
Fr211026,2,0,R,CIT
Ve220119,0,3,R,AIT
Bo200526,1,3,R,AIT
Lo200324,1,1,R,CIT
Fr220917,2,3,L,V4
Lo200319,1,1,R,CIT
Sw200409,1,1,L,CIT
Bo220913,0,3,R,AIT
Ve220208,1,3,R,AIT
Pa200509,0,1,L,CIT
Ot200401,1,5,L,CIT
Sw200411,0,1,L,CIT
Bf220412,2,8,R,AIT
Re201231,1,6,L,AIT
Fr220908,0,0,R,CIT
Pa191119,1,2,L,CIT
Ye200709,0,0,R,CIT
Na220912,0,1,R,V4
Bo220830,0,3,R,AIT
Ot200318,1,5,L,CIT
Pa210723,1,2,L,CIT
Pa210309,0,1,L,CIT
Fr220912,1,0,R,CIT
Na220921,0,1,R,V4
Bf211029_2,1,5,R,CIT
Lo211124,1,2,L,CIT
Lo220103,2,2,L,CIT
Fr211109,1,0,R,CIT
Ve210412,2,1,L,CIT
Ve220211,0,3,R,AIT
Ot200428,0,4,L,PIT
Lo220112,0,2,L,CIT
Na220916,0,1,R,V4
Lo200412,1,1,R,CIT
Fr220921,1,0,R,CIT
Pa210810,0,2,L,CIT
Ot200324,1,5,L,CIT
Ot200425,0,4,L,PIT
Na220907,1,0,R,V2
Na220526,1,3,L,AIT
Lo211222,3,2,L,CIT
Na211223,0,1,R,V4
Pa210726,0,1,L,CIT
Bo200607,0,3,R,AIT
Pa200503,0,1,L,CIT
Bf220116,0,7,R,V4
Re201107,0,6,L,AIT
Ve210413,1,0,L,CIT
Sw200404,0,1,L,CIT
Lo220106,0,2,L,CIT
Bf220611,0,7,R,V4
Ve220209,0,3,R,AIT
Re210505,1,6,L,AIT
Ve220206,3,2,R,AIT
Fr211115,2,0,R,CIT
Ot200507,1,5,L,CIT
Re220830,0,6,L,AIT
Lo220906,0,2,L,CIT
Pa210307,2,0,R,V1
Ve220119,3,2,R,AIT
Bf210929,0,5,R,CIT
Lo200423,1,1,R,CIT
Lo200327,1,1,R,CIT
Lo200410,1,1,R,CIT
Ve220104,0,3,R,AIT
Bf210827,0,5,R,CIT
Lo200417,0,0,R,CIT
Fr211112,2,0,R,CIT
Na220106,1,0,R,V2
Bo220907,1,3,R,AIT
Fr211019,0,3,L,V4
Na210729,0,1,R,V4
Fr211108,0,3,L,V4
Ot200417,0,4,L,PIT
Bo200525,0,3,R,AIT
Na220529,1,3,L,AIT
Pa210306,0,1,L,CIT
Pa210202,1,2,L,CIT
Bf211021,0,5,R,CIT
Lo220531,0,2,L,CIT
Pa210131,0,1,L,CIT
Re220831,1,6,L,AIT
Bf220622,1,8,R,AIT
Lo200505,1,1,R,CIT
Lo200320,1,1,R,CIT
Oc220905,1,6,L,AIT
Na220912,3,2,L,AIT
Lo200411,0,0,R,CIT
Bo200712,0,3,R,AIT
Pa210216,1,2,L,CIT
Ot200317,0,4,L,PIT
Ve211223,2,2,R,AIT
Ye200411,0,0,R,CIT
Bf220310,0,7,R,V4
Bo210808,1,3,R,AIT
Na220107,1,0,R,V2
Ye200621,0,0,R,CIT
Ve211208,1,3,R,AIT
Re220901,1,6,L,AIT
Ot200325,1,5,L,CIT
Ot200329,0,4,L,PIT
Lo220830,3,2,L,CIT
Fr201203,1,1,L,CIT
Ve220201,0,3,R,AIT
Ot200402,1,5,L,CIT
Ye200731,0,0,R,CIT
Re220909,0,6,L,AIT
Lo200413,1,1,R,CIT
Pa210217,0,1,L,CIT
Bf220908,2,8,R,AIT
Na220903,1,0,R,V2
Oc210823,1,6,L,AIT
Oc220907,1,6,L,AIT
Oc220901,0,6,L,AIT
Fr220118,1,0,R,CIT
Ve220209,3,2,R,AIT
Pa200407,1,1,L,CIT
Pa200515,1,2,L,CIT
Pa210312,0,1,L,CIT
Ve220831,0,3,R,AIT
Bf210929,3,6,R,AIT
Bf211029_3,0,5,R,CIT
Ot200330,1,5,L,CIT
Lo220105,3,2,L,CIT
Ot200419,1,5,L,CIT
Sw200429,0,1,L,CIT
Ot200409,1,5,L,CIT
Bf211021,3,6,R,AIT
Ye200408,0,0,R,CIT
Ot210824_1,1,7,R,AIT
Lo220113,0,2,L,CIT
Ve210414,2,1,L,CIT
Pa200115,1,2,L,CIT
Pa210809,0,2,L,CIT
Ot200426,1,5,L,CIT
Bo201107,0,3,R,AIT
Ve220606,1,3,R,AIT
Ot200416,1,5,L,CIT
Fr220907,2,3,L,V4
Lo200416,1,1,R,CIT
Fr211028,0,3,L,V4
Fr220607,0,3,L,V4
Pa200528,1,2,L,CIT
Fr201215,1,1,L,CIT
Ve220830,0,3,R,AIT
Bf211103,0,5,R,CIT
Ot200506,1,4,L,PIT
Bf220628,1,8,R,AIT
Sw200403,0,1,L,CIT
Ve220108,2,2,R,AIT
Bo220920,1,3,R,AIT
Na220119,0,1,R,V4
Sw200329,1,1,L,CIT
Ye200503,1,1,R,CIT
Lo200414,1,1,R,CIT
Ot210824,0,7,R,AIT
Sw200421,1,1,L,CIT
Ve220204,2,2,R,AIT
Ve220201,3,2,R,AIT
Lo200501,1,1,R,CIT
Ve220123,2,2,R,AIT
Na220913,2,2,L,AIT
Lo200419,1,1,R,CIT
Ot200423,0,4,L,PIT
Sw200407,0,1,L,CIT
Oc220811,1,6,L,AIT
Ve220906,0,3,R,AIT
Ve220116,1,3,R,AIT
Bf220805,2,8,R,AIT
Bo200603,0,3,R,AIT
Lo220119,0,2,L,CIT
Bo201115,0,3,R,AIT
Pa191024_1,0,1,L,CIT
Pa191102,0,1,L,CIT
Fr201209,1,1,L,CIT
Lo220118,0,2,L,CIT
Ve220907,0,3,R,AIT
Fr220905,0,0,R,CIT
Ye191102,1,1,R,CIT
Lo211122,2,2,L,CIT
Fr211026,1,0,R,CIT
Lo220829,1,2,L,CIT
Bo200526,0,3,R,AIT
Bo201223,0,3,R,AIT
Fr220917,1,0,R,CIT
Oc220804,1,6,L,AIT
Pa200101_1,1,2,L,CIT
Re220905,1,6,L,AIT
Bf220314,0,7,R,V4
Ve220208,0,3,R,AIT
Ve220112,3,2,R,AIT
Ve220830,3,2,R,AIT
Ot200401,0,4,L,PIT
Fr210309,0,1,L,CIT
Fr210320,1,2,L,AIT
Pa200618,0,1,L,CIT
Fr210121,0,1,L,CIT
Pa210723,0,1,L,CIT
An220113,0,1,L,V1
Bf211029_2,0,5,R,CIT
Ve210412,1,0,L,CIT
Re200308,0,3,R,CIT
Na220103,1,0,R,V2
Re201116,0,6,L,AIT
Lo200412,0,0,R,CIT
Sw200405,1,1,L,CIT
Pa200123,1,2,L,CIT
Ot200324,0,4,L,PIT
Lo211222,2,2,L,CIT
Bf220729,1,8,R,AIT
Ve220203,3,2,R,AIT
Sw200414,1,1,L,CIT
Ve220906,3,2,R,AIT
Pa210114,0,1,L,CIT
Na220910,0,1,R,V4
Pa191104,1,2,L,CIT
Sw200416,0,1,L,CIT
Ot200429,1,5,L,CIT
Sw200408,1,1,L,CIT
Bf211113,1,5,R,CIT
Re210505,0,6,L,AIT
Bo220918,1,3,R,AIT
Bf220119,0,7,R,V4
Pa210307,1,2,L,CIT
Bo220908,0,3,R,AIT
Ve220119,2,2,R,AIT
Fr201212,0,1,L,CIT
Lo200423,0,0,R,CIT
Ye200504,1,1,R,CIT
Pa210130,1,2,L,CIT
Lo200410,0,0,R,CIT
Fr211122,1,0,R,CIT
Fr211123,0,3,L,V4
Ot200424,1,5,L,CIT
Pa200313,0,1,L,CIT
Bf200917,0,0,L,AIT
Lo220908,0,2,L,CIT
Ve220208,3,2,R,AIT
Fr220904,1,0,R,CIT
Pa210202,0,1,L,CIT
Fr220919,2,3,L,V4
Bf220622,0,7,R,V4
Ot200408,0,4,L,PIT
Re201101,1,6,L,AIT
Fr220901,0,0,R,CIT
Fr220908,2,3,L,V4
Lo200506,1,1,R,CIT
Lo220905,3,2,L,CIT
Na220912,2,2,L,AIT
Pa210216,0,1,L,CIT
Bf211029_2,3,6,R,AIT
Na220921,2,2,L,AIT
Lo211124,3,2,L,CIT
Bo220915,1,3,R,AIT
Ve211223,1,3,R,AIT
Lo220901,0,2,L,CIT
Re220915,0,6,L,AIT
Lo220112,2,2,L,CIT
Pa210122,1,2,L,CIT
Ye200807,0,0,R,CIT
Pa191031,1,2,L,CIT
Pa200409,0,1,L,CIT
Sw200508,1,1,L,CIT
Bo210808,0,3,R,AIT
Na220107,0,1,R,V4
Na220907,3,2,L,AIT
Na220526,3,2,L,AIT
Lo200428,1,1,R,CIT
Lo200421,1,1,R,CIT
Ot200325,0,4,L,PIT
Bf220116,2,8,R,AIT
Lo220830,2,2,L,CIT
Fr201203,0,1,L,CIT
Ye191106,1,1,R,CIT
Fr210407,1,0,R,CIT
Ot200402,0,4,L,PIT
An220106,0,1,L,V1
Ve210413,3,1,L,CIT
Re200713,1,4,R,CIT
Lo200413,0,0,R,CIT
Lo200407,1,1,R,CIT
Lo220106,2,2,L,CIT
Bf220611,2,8,R,AIT
Na220903,0,1,R,V4
Fr220118,0,3,L,V4
Ve220209,2,2,R,AIT
Pa200407,0,2,L,CIT
Bf200909,0,0,L,AIT
Lo220906,2,2,L,CIT
Bf210929,2,6,R,AIT
Bf220113,0,7,R,V4
Na220110,0,1,R,V4
Ve220104,2,2,R,AIT
Ot200330,0,4,L,PIT
Fr211108,2,0,R,CIT
Lo200402,0,0,R,CIT
Fr220918,1,0,R,CIT
Na220529,3,2,L,AIT
Ot200409,0,4,L,PIT
Bf211021,2,6,R,AIT
Lo220531,2,2,L,CIT
Pa191118_2,0,1,L,CIT
Ot210824_1,0,7,R,AIT
Na211222,1,0,R,V2
Sw200326,1,1,L,CIT
Oc220905,3,7,R,AIT
Ve220606,0,3,R,AIT
Ot200416,0,4,L,PIT
Fr220907,1,0,R,CIT
Lo211123,3,2,L,CIT
Lo200416,0,0,R,CIT
Re220829,0,6,L,AIT
Bo220916,0,3,R,AIT
Pa191028,0,1,L,CIT
Pa200528,0,1,L,CIT
Ye200622,0,0,R,CIT
Na220919,1,0,R,V2
Ot200414,1,5,L,CIT
Ve220108,1,3,R,AIT
Bf220310,2,8,R,AIT
Bo220920,0,3,R,AIT
Pa200131,1,2,L,CIT
Ve211208,3,2,R,AIT
Bf220804,2,8,R,AIT
Lo200414,0,0,R,CIT
Bf220902,1,8,R,AIT
Pa200114_1,0,1,L,CIT
Bf200907,1,0,L,AIT
Ve220201,2,2,R,AIT
Re200911,1,5,R,CIT
Na220911,1,0,R,V2
Na220903,3,2,L,AIT
Oc220907,3,7,R,AIT
Oc220901,2,7,R,AIT
Na220913,1,0,R,V2
Lo200419,0,0,R,CIT
Re220910,1,6,L,AIT
Pa200408,1,1,L,CIT
Fr201210,1,1,L,CIT
Ve220905,3,2,R,AIT
Bf210930,0,5,R,CIT
Lo200405,0,0,R,CIT
Re201105,0,6,L,AIT
Bo201212,0,3,R,AIT
Pa210312,2,0,R,V1
Ve220831,2,2,R,AIT
Sw200410,1,1,L,CIT
Lo220530,0,2,L,CIT
Bf220701,1,8,R,AIT
Bf211029_3,2,6,R,AIT
Fr201209,0,1,L,CIT
Lo200422,0,0,R,CIT
Ve211222,1,3,R,AIT
Ye200505,1,1,R,CIT
Na220915,3,2,L,AIT
Bf211114,1,5,R,CIT
Ot200403,0,4,L,PIT
Pa220602,1,1,L,CIT
Lo200318,0,0,R,CIT
Re220908,1,6,L,AIT
Lo220829,0,2,L,CIT
Oc220804,0,6,L,AIT
Na210730,1,0,R,V2
Lo220113,2,2,L,CIT
Pa200101_1,0,1,L,CIT
Ye200714,0,0,R,CIT
Lo200430,0,0,R,CIT
Bf220617,0,7,R,V4
Na210824,0,1,R,V4
Bo200331,1,3,R,AIT
Lo200418,1,1,R,CIT
Bf200918,1,0,L,AIT
Ye200115_1,1,1,R,CIT
Ve220606,3,2,R,AIT
Na220112,1,0,R,V2
Ye200531,1,1,R,CIT
Fr211028,2,0,R,CIT
Fr220607,2,0,R,CIT
Fr210313,1,0,R,CIT
Ve220830,2,2,R,AIT
Bo220901,1,3,R,AIT
Lo220107,1,2,L,CIT
Pa200205_1,1,2,L,CIT
Re220903,1,6,L,AIT
Fr210327,3,2,L,AIT
Ot210824,2,6,R,CIT
Na220917,0,1,R,V4
Pa191024_2,1,2,L,CIT
Ve220122,1,3,R,AIT
Na220103,0,1,R,V4
Fr210307,0,0,R,CIT
Re220914,1,6,L,AIT
Pa200123,0,1,L,CIT
Bf220729,0,7,R,V4
Ve220203,2,2,R,AIT
Pa200405,1,1,L,CIT
Lo220110,0,2,L,CIT
Ve220906,2,2,R,AIT
Ve220116,3,2,R,AIT
Lo220119,2,2,L,CIT
Lo200429,1,1,R,CIT
Re200923,1,5,R,CIT
Sw200408,0,1,L,CIT
Lo220118,2,2,L,CIT
Oc210817_2,0,6,L,AIT
Bo220919,0,3,R,AIT
Pa200127,1,2,L,CIT
Ve220907,2,2,R,AIT
Lo200325,1,1,R,CIT
Pa200511,1,2,L,CIT
Lo220829,3,2,L,CIT
Ot200413,0,4,L,PIT
Ye200504,0,0,R,CIT
Pa210130,0,1,L,CIT
Pa200214,1,2,L,CIT
Fr211122,0,3,L,V4
Bo220913,1,3,R,AIT
Ve220829,0,2,R,AIT
Ot200424,0,4,L,PIT
Ot200319,0,4,L,PIT
Bf220610,0,7,R,V4
Ot200420,1,5,L,CIT
Bf220314,2,8,R,AIT
Ve220208,2,2,R,AIT
Pa200105_1,1,2,L,CIT
Sw200413,0,1,L,CIT
Pa191118_1,0,1,L,CIT
Fr220904,0,0,R,CIT
Pa200509,1,2,L,CIT
Lo200404,0,0,R,CIT
Ve220202,1,3,R,AIT
Sw200411,1,1,L,CIT
Re201101,0,6,L,AIT
Fr211110,0,3,L,V4
Lo200506,0,0,R,CIT
Pa210309,1,2,L,CIT
Bf211029_2,2,6,R,AIT
Lo211124,2,2,L,CIT
Lo220103,3,2,L,CIT
Fr211109,2,0,R,CIT
Ve210412,3,1,L,CIT
Oc200912,0,6,L,AIT
Ve220211,1,3,R,AIT
Lo220112,1,2,L,CIT
Na220916,1,0,R,V2
Pa210810,1,1,L,CIT
Lo200427,0,0,R,CIT
Ot200425,1,5,L,CIT
Na220526,2,2,L,AIT
Na211223,1,0,R,V2
Sw200323,1,1,L,CIT
Bo200607,1,3,R,AIT
Bf220116,1,8,R,AIT
Fr210407,0,0,R,CIT
Ye200506,0,0,R,CIT
Na220910,2,2,L,AIT
Lo220106,1,2,L,CIT
Bf220611,1,8,R,AIT
Pa191111,1,2,L,CIT
Ve211208_1,1,3,R,AIT
Bf211113,3,6,R,AIT
Na220908,1,0,R,V2
Bo200413,1,3,R,AIT
Ve220104,1,3,R,AIT
Bo220902,1,3,R,AIT
Fr211123,2,0,R,CIT
Bo220831,0,3,R,AIT
Bf210827,1,5,R,CIT
Ot200417,1,5,L,CIT
Fr220918,0,0,R,CIT
Ye200414,0,0,R,CIT
Pa210306,1,2,L,CIT
Pa210131,1,2,L,CIT
Bf211101,0,5,R,CIT
Bf220622,2,8,R,AIT
Na211222,0,1,R,V4
Bf200906,1,0,L,AIT
Lo200411,1,1,R,CIT
Bo200712,1,3,R,AIT
Ot200317,1,5,L,CIT
Ve211223,3,2,R,AIT
Oc220908,1,6,L,AIT
Lo220901,2,2,L,CIT
Ye200411,1,1,R,CIT
Bo201222,1,3,R,AIT
Na220919,0,1,R,V4
Fr211027,0,3,L,V4
Pa200523,0,1,L,CIT
Pa200131,0,1,L,CIT
Na220111,1,0,R,V2
Pa200401,1,1,L,CIT
Bf220902,0,7,R,V4
An220110,0,1,L,V1
Fr210407,3,2,L,AIT
Bf200907,0,0,L,AIT
Re200911,0,5,R,CIT
Re220909,1,6,L,AIT
Bf220126,0,7,R,V4
Na220911,0,1,R,V4
Na220903,2,2,L,AIT
Bo220906,0,3,R,AIT
Fr220118,2,0,R,CIT
Oc220901,1,6,L,AIT
Na220830,1,0,R,V2
Re220910,0,6,L,AIT
Bo220905,0,3,R,AIT
Ve220901,0,3,R,AIT
Ot200410,1,5,L,CIT
Bf220113,2,8,R,AIT
Bf220701,0,7,R,V4
Bf211029_3,1,5,R,CIT
Sw200419,0,1,L,CIT
Fr211029,0,3,L,V4
Ve211222,0,3,R,AIT
Ye200505,0,0,R,CIT
Lo200323,1,1,R,CIT
Fr210331,0,0,R,CIT